feature,mean_abs_shap,share_pct
sales_roll28_mean,21.24806950397717,9.136404439292397
sales_lag_7,19.058581454113714,8.194951930639514
sales_lag_14,18.342811464923432,7.887179777243351
sales_lag_28,17.11720535393226,7.360184460742354
sales_roll14_mean,16.136950338412476,6.938687050177257
sales_roll7_mean,13.641765195801936,5.865788610649079
cos_7_1,11.585133250837496,4.981462567360932
promo_x_recent_mean,9.432336096799972,4.05578668554198
sales_expanding_mean,9.332734374735987,4.01295918935668
dayofweek,8.674050466019827,3.7297333374006536
sales_roll28_max,7.365139507223523,3.1669179770524294
sales_roll28_std,6.508203553458596,2.7984462224442446
sales_roll14_std,5.449633442225285,2.3432742990954445
sales_roll14_min,5.401901502887896,2.322750161484895
sales_lag_1,5.300967105480224,2.279349631550627
sales_roll14_max,4.730191965534189,2.033923451941012
sales_roll7_min,4.576878029303838,1.968000374678949
inventory,4.040592968200842,1.7374044980949384
promo_x_dow,3.392486564571562,1.458726841183846
sin_365_25_1,3.3768941267952424,1.452022287732894
promotion,3.3435159032758652,1.4376700686063024
cos_7_3,3.2592344422786277,1.401430093287082
sales_roll28_min,3.2064270432481283,1.3787235714150867
is_weekend,2.9283340421966817,1.2591470551171233
sales_roll7_std,2.7736344596417015,1.192628167246042
holiday,2.329092428729801,1.001480647518882
cos_7_2,1.9639310717151561,0.8444658258823956
dayofyear,1.9072194023643632,0.8200805165478566
sales_momentum_7,1.8874126563945792,0.8115638632221321
promotion_roll_7,1.7791614564835059,0.7650171996185925
cos_365_25_1,1.6032718221968445,0.6893868542255027
sales_roll7_max,1.123485543863212,0.4830847484055609
product_code,1.102775794089048,0.47417981472497917
sin_7_1,1.0875596809259342,0.46763707615636596
month,0.9419702586410981,0.4050354433902355
temperature,0.7607479770090793,0.3271121262582223
sin_7_3,0.6274356727556014,0.26978950087026443
sin_365_25_2,0.6011161797686719,0.25847244768947086
weekofyear,0.5796780404097128,0.24925431558703676
cos_365_25_3,0.5658109124510626,0.24329162380376992
holiday_x_weekend,0.5297480360321211,0.22778503746913853
promotion_lag_1,0.39414169054706766,0.16947600301055132
sin_365_25_3,0.37268047873165133,0.1602479500400797
holiday_roll_7,0.34496323003521556,0.14832987936605038
category_code,0.3311086290231568,0.14237257401332148
sin_7_2,0.3044392372448635,0.13090506872344945
days_in_month,0.23597550636143688,0.10146651974577518
quarter,0.1920699142337734,0.08258766363370056
day,0.18179559397456307,0.07816983427704345
region_code,0.15994762769873208,0.06877548172023118
store_code,0.11862376358097042,0.05100673639945913
cos_365_25_2,0.11554874119555879,0.0496845151893045
holiday_lead_1,0.07296222242391011,0.03137284414142548
promotion_lead_1,0.05459306268835071,0.02347433493697176
is_payday_window,0.033840313387863565,0.014550911997254676
year,0.023310706962010652,0.010023312778174687
is_month_start,0.014806428593267428,0.006366579321677832
is_quarter_end,0.0,0.0
is_month_end,0.0,0.0
holiday_lag_1,0.0,0.0
